{
  "r2_threshold": 0.1,
  "n_electrodes_analyzed": 136,
  "n_robust_electrodes": 77,
  "pct_robust": 56.61764705882353,
  "mean_r2_all": 0.5974998671342345,
  "mean_r2_robust": 0.948954098474928,
  "mean_combinations": 13.5,
  "by_model": {
    "count": {
      "BERT": 48,
      "GPT": 43,
      "T5": 45
    },
    "mean": {
      "BERT": 0.5680881117781004,
      "GPT": 0.6257194986408071,
      "T5": 0.6019069805189415
    }
  },
  "by_subject": {
    "count": {
      "1": 3,
      "2": 16,
      "3": 50,
      "4": 5,
      "5": 3,
      "6": 5,
      "7": 52,
      "9": 2
    },
    "mean": {
      "1": 0.10774433447255029,
      "2": 0.9453006125986576,
      "3": 0.14937607059876123,
      "4": 0.15700663328170777,
      "5": 1.0,
      "6": 0.6461951851844787,
      "7": 0.9827774316072464,
      "9": 0.11135002970695496
    }
  }
}